http2,http3
1.771033,0.333916
0.6741,0.340848
