http2,http3
1.600787,0.351037
0.379051,0.283379
