http2,http3
1.671029,0.549092
0.934076,5.559319
