http2,http3
1.516831,5.38609
0.429155,0.318265
