http2,http3
0.421786,0.316941
0.41317,1.553208
