http2,http3
0.22509,0.266346
1.486466,0.197059
