http2,http3
0.434228,0.309851
0.408455,0.616119
