http2,http3
7.565416,0.27991
5.328114,0.383118
