http2,http3
5.693018,0.314191
0.548133,0.327423
