,http2,http3
0,1.652405,0.30155
