http2,http3
3.9523,0.256741
5.916951,1.754883
